{
  "Model6-CnnLstm": {
    "accuracy": 0.9388816644993498,
    "f1_weighted": 0.9389374558309946,
    "asr": 1.1304347826086958,
    "benign_fpr": 12.628865979381443
  }
}