{
  "Model4-PerTurn": {
    "accuracy": 0.8894668400520156,
    "f1_weighted": 0.8917573240391293,
    "asr": 0.08695652173913043,
    "benign_fpr": 20.876288659793815
  }
}