{
  "Model1-TextOnly-BERT": {
    "accuracy": 0.8478543563068921,
    "f1_weighted": 0.8518262135204417,
    "asr": 0.43478260869565216,
    "benign_fpr": 21.1340206185567
  }
}