{
  "TCSSC-Transformer": {
    "accuracy": 0.9388816644993498,
    "f1_weighted": 0.9386194002274838,
    "asr": 1.0434782608695654,
    "benign_fpr": 14.432989690721648
  }
}