{
  "TCSSC-LSTM": {
    "accuracy": 0.9395318595578673,
    "f1_weighted": 0.9395111696493077,
    "asr": 1.3043478260869565,
    "benign_fpr": 12.628865979381443
  }
}